ord_vcf	Sample name	Sex	Biosample_ID	Population_code	Population_name	Population_latitude	Population_longitude	Superpopulation_code	Superpopulation_name	Database
1	HG00112	male	SAME125341	GBR	British	52.486243	-1.890401	EUR	European Ancestry	HGDP
2	HG00150	female	SAME124591	GBR	British	52.486243	-1.890401	EUR	European Ancestry	HGDP
3	HG00152	male	SAME124593	GBR	British	52.486243	-1.890401	EUR	European Ancestry	HGDP
4	HG00158	female	SAME124585	GBR	British	52.486243	-1.890401	EUR	European Ancestry	PAN
5	HG00190	male	SAME123856	FIN	Finnish	60.17	24.93	EUR	European Ancestry,West Eurasia (SGDP)	HGDP
6	HG00243	male	SAME123224	GBR	British	52.486243	-1.890401	EUR	European Ancestry	HGDP
7	HG00253	female	SAME123051	GBR	British	52.486243	-1.890401	EUR	European Ancestry	PAN
8	HG00255	female	SAME123049	GBR	British	52.486243	-1.890401	EUR	European Ancestry	HGDP
9	HG00256	male	SAME123048	GBR	British	52.486243	-1.890401	EUR	European Ancestry	1K
10	HG00285	female	SAME122836	FIN	Finnish	60.17	24.93	EUR	European Ancestry	PAN
11	HG00361	female	SAME124538	FIN	Finnish	60.17	24.93	EUR	European Ancestry	1K
12	HG00372	male	SAME124748	FIN	Finnish	60.17	24.93	EUR	European Ancestry	PAN
13	HG00373	female	SAME124749	FIN	Finnish	60.17	24.93	EUR	European Ancestry	HGDP
14	HG00427	male	SAME122806	CHS	Southern Han Chinese	23.13333	113.266667	EAS	East Asian Ancestry	HGDP
15	HG00476	female	SAME123341	CHS	Southern Han Chinese	23.13333	113.266667	EAS	East Asian Ancestry	HGDP
16	HG00513	female	SAME123526	CHS	Southern Han Chinese	23.13333	113.266667	EAS	East Asian Ancestry	PAN
17	HG00554	female	SAME123969	PUR	Puerto Rican	18.4	-66.1	AMR	American Ancestry	1K
18	HG00580	male	SAME124832	CHS	Southern Han Chinese	23.13333	113.266667	EAS	East Asian Ancestry	HGDP
19	HG00582	female	SAME124830	CHS	Southern Han Chinese	23.13333	113.266667	EAS	East Asian Ancestry	HGDP
20	HG00625	male	SAME123080	CHS	Southern Han Chinese	23.13333	113.266667	EAS	East Asian Ancestry	PAN
21	HG00626	female	SAME123078	CHS	Southern Han Chinese	23.13333	113.266667	EAS	East Asian Ancestry	HGDP
22	HG00636	male	SAME123711	CHS	Southern Han Chinese	23.13333	113.266667	EAS	East Asian Ancestry	PAN
23	HG00692	male	SAME123684	CHS	Southern Han Chinese	23.13333	113.266667	EAS	East Asian Ancestry	1K
24	HG00704	male	SAME122928	CHS	Southern Han Chinese	23.13333	113.266667	EAS	East Asian Ancestry	HGDP
25	HG00864	female	SAME123547	CDX	Dai Chinese	22	100.78	EAS	East Asian Ancestry	1K
26	HG01080	female	SAME125333	PUR	Puerto Rican	18.4	-66.1	AMR	American Ancestry	1K
27	HG01085	male	SAME125391	PUR	Puerto Rican	18.4	-66.1	AMR	American Ancestry	PAN
28	HG01086	female	SAME125394	PUR	Puerto Rican	18.4	-66.1	AMR	American Ancestry	HGDP
29	HG01112	male	SAME123485	CLM	Colombian	4.58333	-74.066666	AMR	American Ancestry	1K
30	HG01169	female	SAME124797	PUR	Puerto Rican	18.4	-66.1	AMR	American Ancestry	HGDP
31	HG01192	male	SAME124298	PUR	Puerto Rican	18.4	-66.1	AMR	American Ancestry	PAN
32	HG01247	male	SAME125067	PUR	Puerto Rican	18.4	-66.1	AMR	American Ancestry	1K
33	HG01256	male	SAME125287	CLM	Colombian	4.58333	-74.066666	AMR	American Ancestry	HGDP
34	HG01272	female	SAME122996	CLM	Colombian	4.58333	-74.066666	AMR	American Ancestry	1K
35	HG01351	female	SAME124683	CLM	Colombian	4.58333	-74.066666	AMR	American Ancestry	PAN
36	HG01359	male	SAME124687	CLM	Colombian	4.58333	-74.066666	AMR	American Ancestry	PAN
37	HG01367	female	SAME125266	CLM	Colombian	4.58333	-74.066666	AMR	American Ancestry	PAN
38	HG01457	male	SAME123428	CLM	Colombian	4.58333	-74.066666	AMR	American Ancestry	HGDP
39	HG01498	female	SAME124142	CLM	Colombian	4.58333	-74.066666	AMR	American Ancestry	1K
40	HG01502	male	SAME124943	IBS	Iberian	40.38	-3.72	EUR	European Ancestry	HGDP
41	HG01614	female	SAME123627	IBS	Iberian	40.38	-3.72	EUR	European Ancestry	PAN
42	HG01615	male	SAME123628	IBS	Iberian	40.38	-3.72	EUR	European Ancestry	1K
43	HG01707	female	SAME123264	IBS	Iberian	40.38	-3.72	EUR	European Ancestry	1K
44	HG01789	male	SAME124433	GBR	British	52.486243	-1.890401	EUR	European Ancestry	PAN
45	HG01795	female	SAME124217	CDX	Dai Chinese	22	100.78	EAS	East Asian Ancestry	HGDP
46	HG01889	female	SAME122851	ACB	African Caribbean	13.1	-59.62	AFR	African Ancestry	PAN
47	HG01917	male	SAME123235	PEL	Peruvian	-12.04	-77.03	AMR	American Ancestry	1K
48	HG01924	female	SAME123785	PEL	Peruvian	-12.04	-77.03	AMR	American Ancestry	PAN
49	HG01932	male	SAME123587	PEL	Peruvian	-12.04	-77.03	AMR	American Ancestry	HGDP
50	HG01933	female	SAME123586	PEL	Peruvian	-12.04	-77.03	AMR	American Ancestry	PAN
51	HG01980	female	SAME124917	PEL	Peruvian	-12.04	-77.03	AMR	American Ancestry	1K
52	HG01983	female	SAME1840106	PEL	Peruvian	-12.04	-77.03	AMR	American Ancestry	PAN
53	HG01986	male	SAME1840091	ACB	African Caribbean	13.1	-59.62	AFR	African Ancestry	PAN
54	HG02020	male	SAME125168	KHV	Kinh Vietnamese	10.78	106.68	EAS	East Asian Ancestry	PAN
55	HG02029	male	SAME124021	KHV	Kinh Vietnamese	10.78	106.68	EAS	East Asian Ancestry	HGDP
56	HG02060	female	SAME1839679	KHV	Kinh Vietnamese	10.78	106.68	EAS	East Asian Ancestry	PAN
57	HG02072	female	SAME123105	KHV	Kinh Vietnamese	10.78	106.68	EAS	East Asian Ancestry	HGDP
58	HG02258	male	SAME1839322	ACB	African Caribbean	13.1	-59.62	AFR	African Ancestry	1K
59	HG02260	female	SAME1839139	PEL	Peruvian	-12.04	-77.03	AMR	American Ancestry	HGDP
60	HG02261	male	SAME1839134	PEL	Peruvian	-12.04	-77.03	AMR	American Ancestry	HGDP
61	HG02292	female	SAME1839943	PEL	Peruvian	-12.04	-77.03	AMR	American Ancestry	HGDP
62	HG02309	female	SAME1839525	ACB	African Caribbean	13.1	-59.62	AFR	African Ancestry	HGDP
63	HG02355	male	SAME1840269	CDX	Dai Chinese	22	100.78	EAS	East Asian Ancestry	PAN
64	HG02374	male	SAME1840247	CDX	Dai Chinese	22	100.78	EAS	East Asian Ancestry	HGDP
65	HG02391	male	SAME1839784	CDX	Dai Chinese	22	100.78	EAS	East Asian Ancestry	PAN
66	HG02401	male	SAME1839415	CDX	Dai Chinese	22	100.78	EAS	East Asian Ancestry	1K
67	HG02508	female	SAME1839334	ACB	African Caribbean	13.1	-59.62	AFR	African Ancestry	1K
68	NA06997	female	SAME124930	CEU	CEPH	40.767	-111.8904	EUR	European Ancestry	PAN
69	NA07435	male	SAME124342	CEU	CEPH	40.767	-111.8904	EUR	European Ancestry	HGDP
70	NA11930	male	SAME125095	CEU	CEPH	40.767	-111.8904	EUR	European Ancestry	HGDP
71	NA12272	male	SAME123231	CEU	CEPH	40.767	-111.8904	EUR	European Ancestry	1K
72	NA12275	female	SAME125263	CEU	CEPH	40.767	-111.8904	EUR	European Ancestry	1K
73	NA18484	female	SAME124101	YRI	Yoruba	7.4	3.92	AFR	African Ancestry	PAN
74	NA18520	female	SAME123565	YRI	Yoruba	7.4	3.92	AFR	African Ancestry	PAN
75	NA18531	female	SAME124483	CHB	Han Chinese	39.916666	116.383333	EAS	East Asian Ancestry	HGDP
76	NA18573	female	SAME123738	CHB	Han Chinese	39.916666	116.383333	EAS	East Asian Ancestry	PAN
77	NA18593	female	SAME123720	CHB	Han Chinese	39.916666	116.383333	EAS	East Asian Ancestry	PAN
78	NA18599	female	SAME123713	CHB	Han Chinese	39.916666	116.383333	EAS	East Asian Ancestry	HGDP
79	NA18634	female	SAME124697	CHB	Han Chinese	39.916666	116.383333	EAS	East Asian Ancestry	HGDP
80	NA18868	male	SAME124910	YRI	Yoruba	7.4	3.92	AFR	African Ancestry	1K
81	NA18872	male	SAME125099	YRI	Yoruba	7.4	3.92	AFR	African Ancestry	1K
82	NA18875	female	SAME123545	YRI	Yoruba	7.4	3.92	AFR	African Ancestry	HGDP
83	NA18940	male	SAME124310	JPT	Japanese	35.68	139.68	EAS	East Asia (SGDP),East Asian Ancestry	HGDP
84	NA19005	male	SAME124474	JPT	Japanese	35.68	139.68	EAS	East Asian Ancestry	HGDP
85	NA19077	female	SAME122818	JPT	Japanese	35.68	139.68	EAS	East Asian Ancestry	1K
86	NA19081	female	SAME123369	JPT	Japanese	35.68	139.68	EAS	East Asian Ancestry	HGDP
87	NA19086	male	SAME123366	JPT	Japanese	35.68	139.68	EAS	East Asian Ancestry	PAN
88	NA19137	female	SAME125235	YRI	Yoruba	7.4	3.92	AFR	African Ancestry	1K
89	NA19175	male	SAME124887	YRI	Yoruba	7.4	3.92	AFR	African Ancestry	PAN
90	NA19184	male	SAME123859	YRI	Yoruba	7.4	3.92	AFR	African Ancestry	PAN
91	NA19198	male	SAME124049	YRI	Yoruba	7.4	3.92	AFR	African Ancestry	HGDP
92	NA19211	male	SAME125382	YRI	Yoruba	7.4	3.92	AFR	African Ancestry	HGDP
93	NA19236	male	SAME125001	YRI	Yoruba	7.4	3.92	AFR	African Ancestry	HGDP
94	NA19248	male	SAME123681	YRI	Yoruba	7.4	3.92	AFR	African Ancestry	1K
95	NA19371	male	SAME125111	LWK	Luhya	-1.27	36.61	AFR	African Ancestry	1K
96	NA19446	female	SAME122949	LWK	Luhya	-1.27	36.61	AFR	African Ancestry	PAN
97	NA19456	female	SAME125410	LWK	Luhya	-1.27	36.61	AFR	African Ancestry	HGDP
98	NA19625	female	SAME123655	ASW	African Ancestry SW	35.483	-97.53333	AFR	African Ancestry	PAN
99	NA19652	male	SAME124978	MXL	Mexican Ancestry	34.0544	-118.2439	AMR	American Ancestry	1K
100	NA19656	female	SAME123130	MXL	Mexican Ancestry	34.0544	-118.2439	AMR	American Ancestry	1K
101	NA19678	female	SAME122797	MXL	Mexican Ancestry	34.0544	-118.2439	AMR	American Ancestry	HGDP
102	NA19679	male	SAME122796	MXL	Mexican Ancestry	34.0544	-118.2439	AMR	American Ancestry	PAN
103	NA19707	female	SAME124234	ASW	African Ancestry SW	35.483	-97.53333	AFR	African Ancestry	HGDP
104	NA19759	male	SAME123707	MXL	Mexican Ancestry	34.0544	-118.2439	AMR	American Ancestry	PAN
105	NA19909	female	SAME125052	ASW	African Ancestry SW	35.483	-97.53333	AFR	African Ancestry	PAN
106	NA19984	male	SAME124287	ASW	African Ancestry SW	35.483	-97.53333	AFR	African Ancestry	1K
107	NA19985	female	SAME123900	ASW	African Ancestry SW	35.483	-97.53333	AFR	African Ancestry	1K
108	NA20319	female	SAME123803	ASW	African Ancestry SW	35.483	-97.53333	AFR	African Ancestry	PAN
109	NA20341	female	SAME124399	ASW	African Ancestry SW	35.483	-97.53333	AFR	African Ancestry	1K
110	NA20414	female	SAME123988	ASW	African Ancestry SW	35.483	-97.53333	AFR	African Ancestry	HGDP
111	NA20518	male	SAME123178	TSI	Toscani	42.1	12	EUR	European Ancestry	PAN
112	NA20522	female	SAME124017	TSI	Toscani	42.1	12	EUR	European Ancestry	HGDP
113	NA20526	female	SAME124014	TSI	Toscani	42.1	12	EUR	European Ancestry	1K
114	NA20787	male	SAME123609	TSI	Toscani	42.1	12	EUR	European Ancestry	PAN
115	NA20821	female	SAME123075	TSI	Toscani	42.1	12	EUR	European Ancestry	1K
116	NA20856	female	SAME123247	GIH	Gujarati	29.7589	-95.3677	SAS	South Asian Ancestry	HGDP
117	NA20869	female	SAME123801	GIH	Gujarati	29.7589	-95.3677	SAS	South Asian Ancestry	HGDP
118	NA20907	female	SAME122917	GIH	Gujarati	29.7589	-95.3677	SAS	South Asian Ancestry	PAN
119	NA21111	male	SAME124179	GIH	Gujarati	29.7589	-95.3677	SAS	South Asian Ancestry	PAN
